Workbook

Sheet Sheet1
A1: Regression Analysis
A3: OVERALL FIT
A4: Multiple R | B4: =SQRT(B5) -> 0.36098402 | D4: AIC | E4: =B8*LN(C13/B8)+2*(B12+1) -> 3299.7732
A5: R Square | B5: =C12/C14 -> 0.13030947 | D5: AICc | E5: =E4+2*(B12+2)*(B12+3)/(B8-B12-3) -> 3300.139
A6: Adjusted R Square | B6: =1-(1-B5)*(B8-1)/(B8-B12-1) -> 0.11459217 | D6: SBC | E6: =B8*LN(C13/B8)+(B12+1)*LN(B8) -> 3312.3164
A7: Standard Error | B7: =SQRT(D13) -> 16213.365
A8: Observations | B8: =COUNT(Data!A2:A171) -> 170
A10: ANOVA | E10: Alpha | F10: 0.05
B11: df | C11: SS | D11: MS | E11: F | F11: p-value | G11: sig
A12: Regression | B12: =COUNT(Data!D2:F2) -> 3 | C12: =DEVSQ(MMULT([1]!DEsign(Data!D2:F171),B17:B20)) -> 6.5383119e+09 | D12: =C12/B12 -> 2.1794373e+09 | E12: =D12/D13 -> 8.2908308 | F12: =_xlfn.F.DIST.RT(E12,B12,B13) -> 3.5895629e-05 | G12: =IF(F12<F10,"yes","no") -> yes
A13: Residual | B13: =B14-B12 -> 166 | C13: =C14-C12 -> 4.3636953e+10 | D13: =C13/B13 -> 2.6287321e+08
A14: Total | B14: =B8-1 -> 169 | C14: =DEVSQ(Data!A2:A171) -> 5.0175265e+10
B16: coeff | C16: std err | D16: t stat | E16: p-value | F16: lower | G16: upper | H16: vif
A17: Intercept | B17: {=[1]!RegCoeff(Data!D2:F171,Data!A2:A171)} -> 16691.588 | C17: 19481.553 | D17: =B17/C17 -> 0.85678941 | E17: =_xlfn.T.DIST.2T(ABS(D17),$B$13) -> 0.39279646 | F17: =B17-_xlfn.T.INV.2T(F$10,$B$13)*C17 -> -21771.967 | G17: =B17+_xlfn.T.INV.2T(F$10,$B$13)*C17 -> 55155.143
A18: {=TRANSPOSE(Data!D1:F1)} -> Age | B18: 180.86138 | C18: 459.30002 | D18: =B18/C18 -> 0.39377612 | E18: =_xlfn.T.DIST.2T(ABS(D18),$B$13) -> 0.69425167 | F18: =B18-_xlfn.T.INV.2T(F$10,$B$13)*C18 -> -725.96119 | G18: =B18+_xlfn.T.INV.2T(F$10,$B$13)*C18 -> 1087.6839 | H18: =[1]!VIF(Data!D2:F171,1) -> 8.1390599
A19: Student_Approval | B19: 570.12103 | C19: 179.67331 | D19: =B19/C19 -> 3.1730981 | E19: =_xlfn.T.DIST.2T(ABS(D19),$B$13) -> 0.0017973677 | F19: =B19-_xlfn.T.INV.2T(F$10,$B$13)*C19 -> 215.38164 | G19: =B19+_xlfn.T.INV.2T(F$10,$B$13)*C19 -> 924.86042 | H19: =[1]!VIF(Data!D2:F171,2) -> 1.031054
A20: Experience | B20: 627.93398 | C20: 546.26226 | D20: =B20/C20 -> 1.1495101 | E20: =_xlfn.T.DIST.2T(ABS(D20),$B$13) -> 0.25199918 | F20: =B20-_xlfn.T.INV.2T(F$10,$B$13)*C20 -> -450.58316 | G20: =B20+_xlfn.T.INV.2T(F$10,$B$13)*C20 -> 1706.4511 | H20: =[1]!VIF(Data!D2:F171,3) -> 8.2094313

Sheet Data
A1: Salary | B1: Performance | C1: Department | D1: Age | E1: Student_Approval | F1: Experience | G1: Gender
A2: 111738 | B2: 16 | C2: Chemistry | D2: 46 | E2: 90.8 | F2: 16 | G2: Male
A3: 78130 | B3: 15 | C3: Philosophy | D3: 46 | E3: 79.8 | F3: 14 | G3: Female
A4: 78617 | B4: 12 | C4: Chemistry | D4: 37 | E4: 98 | F4: 10 | G4: Female
A5: 111677 | B5: 16 | C5: Chemistry | D5: 50 | E5: 80.9 | F5: 21 | G5: Female
A6: 97346 | B6: 18 | C6: Chemistry | D6: 43 | E6: 83.6 | F6: 13 | G6: Female
A7: 90158 | B7: 15 | C7: Chemistry | D7: 44 | E7: 88.2 | F7: 17 | G7: Female
A8: 89353 | B8: 15 | C8: Chemistry | D8: 41 | E8: 91.5 | F8: 15 | G8: Female
A9: 87259 | B9: 15 | C9: Chemistry | D9: 33 | E9: 90.4 | F9: 6 | G9: Male
A10: 105764 | B10: 16 | C10: Business | D10: 50 | E10: 85.7 | F10: 19 | G10: Male
A11: 70206 | B11: 14 | C11: Arts | D11: 35 | E11: 88.5 | F11: 7 | G11: Female
A12: 75564 | B12: 14 | C12: Philosophy | D12: 38 | E12: 93.8 | F12: 9 | G12: Female
A13: 58908 | B13: 13 | C13: Arts | D13: 33 | E13: 83.5 | F13: 8 | G13: Female
... A171: 74608 | B171: 16 | C171: Arts | D171: 43 | E171: 80.3 | F171: 17 | G171: Female

Sheet Description
A2: Variable | B2: Description
A3: Salary | B3: Yearly Salary in euros
A4: Perfomance | B4: Performance rating given by managers ranging from 1 to 20
A5: Department | B5: Department at which the employee works
A6: Age | B6: Age in years
A7: Student Approval | B7: Average rating given by students ranging from 1 to 100
A8: Experience | B8: Numbers of years worked at a university
A9: Gender | B9: Male or female
